t,h_1,h_2,h_3
0,0.0,0.0,0.0
1,0.129942791292957,0.12374629207625698,0.0
2,0.25774317485939996,0.24679835417894502,0.0
3,0.38345569237752797,0.369116785684155,0.0
4,0.5071325522062771,0.49066880400697904,0.0
5,0.628823782437535,0.6114273183674189,0.0
6,0.7485773703268309,0.7313701392316461,0.0
7,0.8664393896205729,0.8504793021939241,0.0
8,0.9824541170962758,0.9687404885932042,0.0
9,1.09666413946142,1.08614252807253,0.0
10,1.20911045161139,1.20267697069925,0.0
11,1.3198325471230001,1.31833771825997,0.0
12,1.4288685017539098,1.4331207060002198,0.0
13,1.53625505062694,1.54702362745509,0.0
14,1.64202765969931,1.66004569616373,0.0
15,1.74622059204902,1.7721874390166,0.0
16,1.84886696945074,1.88345051678475,0.00152157917094511
17,1.94999882966258,1.9938375680501101,0.00888010571687234
18,2.04964717979959,2.10335207331852,0.0211493171118691
19,2.1478420461305903,2.21199823657077,0.037370217430992
20,2.24461252060013,2.3197808819057597,0.0568439012015958
21,2.3399868043469705,2.42670536326733,0.0790422154701087
22,2.4339922484633,2.53277748553146,0.103554473128143
23,2.5266553922153596,2.63800343547296,0.130053865535944
24,2.61800199892476,2.7423897213362207,0.15827533114993303
25,2.70805708969105,2.84594311991023,0.188000430570542
26,2.79684497511939,2.9486706301571,0.219046688951905
27,2.88438928520235,3.05057943257174,0.251259888477595
28,2.97071299749116,3.1516768535592097,0.284508368139531
29,3.0558384636802995,3.2519703342106,0.31867872513764195
30,3.1397874347179706,3.3514674029388796,0.353672517340154
31,3.2225810845460297,3.4501756515056496,0.38940369509309203
32,3.30424003256352,3.5481027140295804,0.425796573892495
33,3.38478436490087,3.6452562486193596,0.462784214531831
34,3.46423365458404,3.7416439213185497,0.5003071146271401
35,3.542606980662,3.83727339208852,0.538312141163366
36,3.6199229463649396,3.93215230258976,0.576751651793849
37,3.6961996963551598,4.02628826555051,0.615582765543532
38,3.7714549331281604,4.1196888555377695,0.654766752929924
39,3.84570593261675,4.2123616009676095,0.6942685223949739
40,3.91896955904724,4.3043139772112,0.7340561850581608
41,3.9912622790931,4.39555340067008,0.7741006836513449
42,4.06260017536804,4.4860872237087195,0.81437547442398
43,4.13299895929758,4.57592273034589,0.854856253055913
44,4.20247398340541,4.66506713261731,0.8955207173578249
45,4.27104025304808,4.75352756753242,0.936348360901738
46,4.33871243762961,4.84131109455681,0.977320292797546
47,4.40550488132489,4.92842469355958,1.01841907968378
48,4.4714316133394805,5.01487526317184,1.05962860668219
49,4.53650635773092,5.1006696195085,1.10093395461425
50,4.60074254281542,5.18581449521101,1.1423212912216
51,4.664153310182081,5.270316538773231,1.18377777449446
52,4.7267515233354,5.35418231411682,1.22529146650834
53,4.78854977598549,5.43741830038656,1.2668512564133798
54,4.84956040000415,5.52003089193868,1.3084467914228
55,4.909795473063991,5.6020263984988405,1.35006841481497
56,4.96926682597646,5.683411045468531,1.3917071101036298
57,5.027986049743981,5.76419097436118,1.43335445064899
58,5.08596450234012,5.844372243351249,1.47500255408128
59,5.14321331523132,5.92396082792143,1.5166440409922701
60,5.19974339965251,6.002962621594531,1.55827199742165
61,5.25556545264838,6.081383436738481,1.5998799407256001
62,5.31068996289161,6.159229005433629,1.6414617884668898
63,5.36512721628817,6.236504980393139,1.68301183001016
64,5.41888730137994,6.3132169359279695,1.72452470054455
65,5.47198011455365,6.38937036894915,1.76599535728857
66,5.524415365065059,6.46497070000057,1.80741905766085
67,5.57620257988678,6.54002327431647,1.84879133922521
68,5.62735110838746,6.61453336289838,1.8901080012399398
69,5.67787012684976,6.68850616360684,1.93136508766009
70,5.72776864283436,6.76194680226384,1.9725588714581102
71,5.77705549939638,6.83486033376217,2.01368584014233
72,5.825739379160829,6.9072517431786595,2.05474268236582
73,5.8738288082627905,6.97912594688828,2.09572627552904
74,5.92133216015828,7.05048779367662,2.1366336742896297
75,5.96825765931101,7.12134206584866,2.17746209990149
76,6.01461338476022,7.19169348033169,2.21820893031287
77,6.0604072735745005,7.2615466897708,2.2588716909601603
78,6.1056471241961505,7.330906283615481,2.29944804620008
79,6.150340599680519,7.399776789195959,2.3399357913284797
80,6.194495230834531,7.468162672788219,2.3803328451387005
81,6.238118419258321,7.53606834066672,2.4206372429769303
82,6.2812174402937995,7.6034981401440405,2.46084713025571
83,6.32379944588384,7.670456360596731,2.5009607563902403
84,6.365871467345349,7.736947234476769,2.5409764691255696
85,6.407440418059711,7.8029749383082,2.58089270922492
86,6.4485130960835395,7.86854359366854,2.62070800549274
87,6.489096186682941,7.933657268154629,2.66042097010763
88,6.52919626479396,7.99831997633274,2.7000302942428798
89,6.56881979741193,8.0625356806727,2.7395347439538598
90,6.607973145912559,8.12630829246598,2.7789331563135398
91,6.64666256830691,8.189641672727639,2.81822443577859
92,6.68489422143292,8.25253963308212,2.8574075507702004
93,6.72267416308558,8.31500593663291,2.89648153045488
94,6.76000835408801,8.37704429881611,2.9354454617116703
95,6.7969026603054905,8.43865838823803,2.9742984862733297
96,6.833362854604469,8.49985182749685,3.0130397980298103
97,6.869394618758401,8.56062819398855,3.05166864048358
98,6.90500354530231,8.6209910206972,3.09018430434667
99,6.94019513933776,8.68094379696986,3.1285861252705898
100,6.974974820289989,8.7404899692762,3.16687348170038
101,7.00934792361873,8.79963294195302,3.20504579284517
102,7.0433197024843395,8.85837607793401,3.24310251675788
103,7.07689532937069,8.91672269946482,3.2810431485172797
104,7.11007989766618,8.97467608880377,3.31886721850617
105,7.14287842320442,9.03223948890832,3.35657429077988
106,7.17529584576562,9.08941610410771,3.3941639615195096
107,7.207337030540191,9.146209100761789,3.431635857565
108,7.23900676955569,9.20262160790657,3.46898963502327
109,7.2703097830681696,9.25865671788635,3.50622497794695
110,7.30125072091923,9.314317486973119,3.54334159707967
111,7.33183416385972,9.36960693597308,3.58033922866412
112,7.36206462484112,9.42452805082084,3.6172176333091004
113,7.39194655027576,9.47908378316127,3.65397659491249
114,7.4214843212665595,9.533277050919539,3.69061591963676
115,7.45068225480753,9.58711073885929,3.7271354349341803
116,7.47954460495564,9.64058769912947,3.76353498861906
117,7.50807556397511,9.69371075179976,3.79981444798425
118,7.536279263454831,9.74648268538521,3.83597369895973
119,7.56415977539979,9.79890625735991,3.87201264531075
120,7.591721113297191,9.850984194660231,3.90793120787366
121,7.6189672331580995,9.90271919417774,3.94372932382721
122,7.64590203453521,9.954113923242028,3.9794069459975696
123,7.67252936151757,10.0051710200937,4.01496404219533
124,7.69885300370275,10.0558930943475,4.05040059458263
125,7.7248766971473,10.106282727446601,4.08571659906908
126,7.750604125295889,10.1563424731067,4.12091206473489
127,7.77603891988994,10.2060748577522,4.1559870132798
128,7.801184661856179,10.255482380942698,4.19094147849657
129,7.82604488217573,10.3045675157911,4.2257755057677695
130,7.85062306273429,10.3533327093738,4.2604891515846495
131,7.87492263715386,10.4017803831319,4.29508248308711
132,7.898946991606589,10.4499129332645,4.329555577623649
133,7.92269946561121,10.497732731115,4.363908522330339
134,7.946183352812491,10.5452421235481,4.39814141372783
135,7.969401901744191,10.592443433321199,4.43225435733572
136,7.99235831657598,10.6393389594464,4.46624746730319
137,8.015055757844731,10.6859309775474,4.500120866055321
138,8.03749734317052,10.732221740207699,4.53387468395424
139,8.05968614795791,10.7782134773125,4.56750905897454
140,8.08162520608271,10.823908396384802,4.60102413639207
141,8.10331751056473,10.8693086829131,4.63442006848573
142,8.12476601422678,10.914416500674601,4.66769701425148
143,8.14597363034039,10.9592339920508,4.70085513912812
144,8.16694323325843,11.0037632783377,4.73389461473422
145,8.187677659035161,11.0480064600495,4.76681561861573
146,8.20817970603379,11.091965617217099,4.79961833400383
147,8.22845213552209,11.1356428096804,4.83230294958249
148,8.24849767225623,11.179040077375,4.86486965926528
149,8.26831900505308,11.2221594406137,4.8973186619811795
150,8.28791878735144,11.265002900362802,4.92965016146882
151,8.30729963776228,11.307572438512402,4.961864366078809
152,8.32646414060841,11.3498700181427,4.99396148858392
153,8.345414846453691,11.3918975837844,5.02594174599666
154,8.36415427262215,11.4336570616748,5.05780535939393
155,8.38268490370725,11.4751503600086,5.08955255374853
156,8.40100919207139,11.5163793691849,5.121183557767139
157,8.41912955833611,11.5573459620485,5.1526986037345806
158,8.43704839186303,11.5980519941279,5.1840979273639896
159,8.45476805122574,11.638499303867901,5.21538176765279
160,8.472290864673049,11.678689712858802,5.24655036674403
161,8.48961913058354,11.7186250260609,5.277603969793089
162,8.50675511791181,11.7583070320251,5.30854282483938
163,8.52370106662651,11.7977375031096,5.33936718268278
164,8.54045918814038,11.836918195692402,5.37007729676487
165,8.55703166573247,11.8758508503805,5.400673423054429
166,8.57342065496276,11.914537192214501,5.43115581993734
167,8.58962828407925,11.952978930871,5.46152474811041
168,8.6056566544178,11.991177760859498,5.491780470479309
169,8.62150784079478,12.029135361717598,5.52192325206009
170,8.63718389189285,12.0668533982019,5.55195335988439
171,8.65268683063978,12.1043335204751,5.58187106290815
172,8.668018654580669,12.141577364291198,5.6116766319235705
173,8.68318133624366,12.178586551176199,5.64137033947433
174,8.69817682349919,12.2153626886061,5.67095245977383
175,8.71300703991307,12.251907370182199,5.70042326862641
176,8.72767388509337,12.288222175802801,5.729783043351429
177,8.74217923503142,12.3243086718325,5.75903206271002
178,8.756524942436862,12.360168411268,5.7881706068344805
179,8.77071283706705,12.395802933901699,5.817198957160209
180,8.784744726050741,12.4312137664821,5.8461173963600395
181,8.79862239420643,12.466402422871699,5.87492620828089
182,8.81234760435516,12.501370404202499,5.9036256778827
183,8.82592209762818,12.536119199028,5.93221609117947
184,8.839347593769421,12.570650283473801,5.960697735182429
185,8.85262579143285,12.6049651213852,5.98907089784513
186,8.86575836847499,12.6390651644718,6.01733586801054
187,8.87874698224252,12.672951852451,6.04549293535996
188,8.89159326985516,12.706626613187801,6.07354239036364
189,8.904298848483881,12.7400908628334,6.101484524233269
190,8.91686531562459,12.7733460059608,6.12931962887598
191,8.92929424936734,12.8063934356987,6.15704799684999
192,8.94158720866114,12.8392345338628,6.184669921321781
193,8.95374573357454,12.8718706710854,6.212185696024769
194,8.96577134555192,12.904303206942801,6.23959561521935
195,8.97766554766576,12.9365334900805,6.2668999736543505
196,8.98942982486478,12.968562858336599,6.2940990665298
197,9.001065644218212,13.000392638863099,6.3211931894609705
198,9.012574455156079,13.032024148245599,6.3481826384436
199,9.023957689705801,13.0634586926209,6.37506770982041
200,9.03521676272491,13.0946975677923,6.4018487002486095
201,9.04635307213029,13.1257420593442,6.42852590666865
202,9.057367999123619,13.156593442754199,6.4550996262739595
203,9.06826290841346,13.187252983503,6.481570156481661
204,9.07903914843381,13.217721937184,6.50793779490441
205,9.08969805155927,13.2480015496099,6.53420283932305
206,9.100240934316911,13.2780930569185,6.56036558766027
207,9.11066909759482,13.3079976856763,6.586426337955119
208,9.12098382684753,13.3377166529809,6.612385388338361
209,9.13118639229822,13.367251166562099,6.6382430370086905
210,9.14127804913789,13.3966024248806,6.6639995822097395
211,9.151260037721471,13.4257716172264,6.68965532220781
212,9.161133583760972,13.4547599238147,6.71521055527041
213,9.17089989851574,13.4835685158811,6.740665579645491
214,9.18056017897977,13.5121985557748,6.76602069354134
215,9.19011560806633,13.540651197051,6.79127619510717
216,9.19956735478969,13.568927584561601,6.81643238241438
217,9.20891657444422,13.597028854544801,6.84148955343841
218,9.21816440878084,13.624956134712999,6.86644800604118
219,9.22731198618076,13.6527105443398,6.891308037954169
220,9.23636042182675,13.680293194346099,6.916069946762001
221,9.24531081787183,13.7077051873835,6.9407340298866
222,9.25416426360549,13.7349476179187,6.96530058457188
223,9.262921835617501,13.762021572314598,6.9897699078689195
224,9.27158459795928,13.7889281289118,7.0141422966216505
225,9.280153602302999,13.8156683581078,7.0384180474530105
226,9.28862988809825,13.842243322436198,7.062597456751549
227,9.29701448272653,13.868654076643601,7.08668082065846
228,9.30530840165351,13.8949016677666,7.110668435055111
229,9.313512648579051,13.920987135206499,7.13456059555091
230,9.32162821558511,13.946911510804501,7.1583575974716105
231,9.32965608328148,13.9726758189142,7.182059735847981
232,9.33759722094953,13.998281076474399,7.205667305404919
233,9.3454525866838,14.023728293080199,7.22918060055081
234,9.35322312753166,14.0490184710534,7.25259991536734
235,9.36090977963095,14.0741526055118,7.2759255435996
236,9.368513468345721,14.0991316844379,7.29915777864653
237,9.376035108399991,14.1239566887462,7.32229691355166
238,9.38347560400967,14.148628592349901,7.34534324099421
239,9.39083584901269,14.173148362226698,7.36829705328042
240,9.398116726997142,14.197516958483698,7.39115864233524
241,9.40531911142786,14.221735334421199,7.4139282996942
242,9.412443865771039,14.245804436596101,7.43660631649567
243,9.41949184361725,14.2697252048842,7.45919298347328
244,9.426463888802699,14.2934985725416,7.48168859094863
245,9.43336083552883,14.3171254662658,7.50409342882428
246,9.44018350848028,14.3406068062549,7.5264077865769
247,9.446932722941199,14.3639435062678,7.5486319532507
248,9.45360928491002,14.3871364736815,7.5707662174511094
249,9.46021399121258,14.410186609549802,7.59281086733857
250,9.46674762961378,14.433094808659401,7.61476619062263
251,9.473210978927712,14.4558619595866,7.63663247455622
252,9.479604809126199,14.4784889447527,7.65841000593009
253,9.485929881446038,14.500976640478498,7.68009907106747
254,9.49218694849463,14.523325917038902,7.70169995581887
255,9.49837675435424,14.545537638715901,7.72321294555713
256,9.50450003468493,14.5676126638516,7.744638325172559
257,9.510557516826001,14.589551844900301,7.76597637906829
258,9.516549919896141,14.6113560284798,7.78722739115578
259,9.522477954892189,14.6330260554225,7.80839164485047
260,9.52834232478668,14.6545627608253,7.829469423067599
261,9.53414372462394,14.6759669740995,7.85046100821815
262,9.539882841615052,14.6972395190197,7.87136668220491
263,9.54556035523148,14.7183812137719,7.89218672641878
264,9.55117693729748,14.739392871001899,7.9129214217350805
265,9.556733252081301,14.760275297862199,7.93357104851002
266,9.56222995638515,14.7810292960585,7.9541358865774106
267,9.567667699634061,14.8016556618963,7.97461621524528
268,9.57304712396348,14.822155186326098,7.99501231329283
269,9.57836886430577,14.8425286549885,8.01532445896734
270,9.58363354847564,14.862776848259099,8.03555292998127
271,9.58884179725433,14.882900541291699,8.05569800350942
272,9.59399422447284,14.9029005040626,8.07575995618624
273,9.599091437093971,14.9227775014131,8.09573906410319
274,9.60413403529337,14.942532293092,8.11563560280627
275,9.60912261253949,14.9621656337979,8.135449847293499
276,9.614057755672562,14.9816782732203,8.15518207201269
277,9.618940044982491,15.0010709560808,8.174832550859099
278,9.623770054285789,15.0203444221737,8.19440155717337
279,9.62854835100154,15.0394994064061,8.21388936373934
280,9.63327549622635,15.058536638837301,8.23329624278213
281,9.63795204480834,15.0774568447185,8.25262246596616
282,9.64257854542024,15.096260744531,8.27186830439332
283,9.64715554063152,15.114949054024999,8.291034028601219
284,9.65168356697961,15.1335224842571,8.31011990856141
285,9.65616315504019,15.151981741628198,8.32912621367783
286,9.66059482949665,15.170327527920001,8.348053212785139
287,9.664979109208609,15.188560540332501,8.36690117414728
288,9.66931650727964,15.206681471519401,8.38567036545594
289,9.673607531124029,15.2246910096245,8.404361053829259
290,9.67785268253285,15.242589838317,8.42297350581038
291,9.682052457739061,15.260378636826802,8.44150798736626
292,9.68620734748186,15.2780580799789,8.45996476388633
293,9.69031783707026,15.2956288382281,8.4783441001814
294,9.694384406445788,15.313091577692802,8.49664626048244
295,9.69840753024449,15.330446960188699,8.51487150843952
296,9.70238767785805,15.3476956432622,8.533020107120759
297,9.70632531349433,15.3648382802232,8.55109231901125
298,9.71022089623695,15.381875520177902,8.56908840601211
299,9.71407488010428,15.398808008060902,8.58700862943954
300,9.717887714107631,15.415636384667499,8.60485325002384
301,9.72165984230877,15.4323612866849,8.62262252790854
302,9.72539170387668,15.448983346724,8.64031672264951
303,9.72908373314363,15.465503193350198,8.657936093214081
304,9.73273635966061,15.4819214511145,8.67548089798022
305,9.73635000825201,15.498238740583401,8.6929513947356
306,9.739925099069671,15.5144556783699,8.71034784067685
307,9.743462047646279,15.5305728771628,8.72767049240859
308,9.74696126494806,15.5465909457567,8.74491960594265
309,9.75042315742689,15.5625104890816,8.76209543669709
310,9.75384812707175,15.578332108231999,8.77919823949533
311,9.75723657145951,15.594056400496099,8.796228268565178
312,9.76058888380518,15.6096839593843,8.813185777537768
313,9.763905453011471,15.6252153746585,8.8300710194465
314,9.767186663717778,15.6406512323599,8.84688424672587
315,9.770432896348641,15.6559921148381,8.86362571121022
316,9.77364452716148,15.671238600778699,8.88029566413233
317,9.776821928293892,15.686391265232198,8.896894356121921
318,9.779965467810278,15.701450679641399,8.913422037204
319,9.783075509748,15.716417411870198,8.92987895679696
320,9.78615241416284,15.7312920262309,8.94626536371059
321,9.789196537174119,15.7460750835133,8.96258150614371
322,9.79220823100907,15.7607671410121,8.97882763168158
323,9.7951878440468,15.7753687525557,8.995003987293028
324,9.7981357208617,15.7898804685347,9.01111081932715
325,9.80105220226633,15.8043028359304,9.02714837350959
326,9.80393762535378,15.8186363983446,9.04311689493844
327,9.80679232353955,15.8328816960284,9.059016628079439
328,9.8096166266029,15.8470392659123,9.07484781676073
329,9.81241086072776,15.8611096416372,9.090610704166801
330,9.81517534854309,15.875093353585,9.106305532831731
331,9.81791040916283,15.888990928911,9.121932544631491
332,9.820616358225289,15.9028028915764,9.13749198077531
333,9.823293507932151,15.9165297623825,9.15298408179593
334,9.825942167086971,15.9301720590056,9.16840908753857
335,9.82856264113326,15.943730296033499,9.18376723714851
336,9.83115523219205,15.9572049850036,9.19905876905721
337,9.83372023909909,15.9705966344423,9.21428392096649
338,9.83625795744155,15.9839057499071,9.22944292983098
339,9.83876867959433,15.9971328340307,9.24453603183825
340,9.84125269475591,16.0102783865668,9.25956346238654
341,9.843710288983821,16.0233429044401,9.27452545605989
342,9.84614174522967,16.036326881798598,9.28942224660015
343,9.84854734337374,16.0492308100693,9.30425406687578
344,9.85092736025922,16.062055178018802,9.31902114884692
345,9.85328206972603,16.074800471817,9.33372372352636
346,9.85561174264421,16.0874671751067,9.34836202093607
347,9.85791664694699,16.1000557690782,9.36293627005871
348,9.86019704766343,16.1125667325499,9.377446698783642
349,9.862453206950631,16.1250005420558,9.39189353384687
350,9.86468538412571,16.1373576719398,9.40627700076439
351,9.86689383569726,16.1496385944587,9.42059732375807
352,9.86907881539651,16.1618437798938,9.43485472567362
353,9.87124057420815,16.1739736966722,9.44904942788958
354,9.87337936040074,16.1860288114994,9.46318165021675
355,9.87549541955678,16.198009589502803,9.47725161078691
356,9.877588994602501,16.2099164943892,9.49125952592998
357,9.87966032583717,16.2217499886157,9.505205610038539
358,9.88170965096225,16.2335105335763,9.519090075418509
359,9.88373720511002,16.245198589805902,9.53291313212478
360,9.885743220872019,16.2568146172016,9.546674987780499
361,9.88772792832709,16.268359075265302,9.560375847378529
362,9.88969155506909,16.2798324233673,9.574015913063631
363,9.89163432623437,16.2912351210338,9.58759538389374
364,9.893556464528821,16.3025676282601,9.601114455578509
365,9.895458190254711,16.3138304058515,9.614573320193449
366,9.897339721337099,16.3250239157941,9.627972165867561
367,9.8992012733501,16.3361486216589,9.641311176442551
368,9.90104305954274,16.3472049890394,9.65459053110118
369,9.902865290864499,16.3581934860282,9.66781040396281
370,9.90466817599066,16.3691145837335,9.6809709636433
371,9.906451921347301,16.3799687568397,9.69407237277707
372,9.90821673113597,16.3907564842134,9.70711478749834
373,9.9099628073582,16.4014782495612,9.72009835687892
374,9.91169034983959,16.4121345421397,9.73302322231952
375,9.91339955625376,16.4227258575225,9.745889516891529
376,9.915090622145911,16.433252698429502,9.75869736462616
377,9.91676374095618,16.443715575619198,9.77144687974753
378,9.91841910404275,16.454115008850902,9.78413816584629
379,9.920056900704619,16.4644515279201,9.796771314990439
380,9.921677318204189,16.4747256737708,9.80934640676952
381,9.92328054178958,16.4849379996898,9.82186350726858
382,9.92486675471666,16.495089072588,9.83432266796816
383,9.92643613827082,16.5051794743724,9.84672392456641
384,9.92798887178858,16.5152098034138,9.85906729571957
385,9.92952513267889,16.525180676115998,9.871352781696759
386,9.93104509644415,16.53509272859,9.883580362945331
387,9.932548936701119,16.5449466184388,9.89574999856276
388,9.93403682520143,16.5547430266575,9.90786162467134
389,9.935508931852029,16.564482659654,9.919915152691859
390,9.93696542473527,16.574166251394,9.93191046751252
391,9.93840647012882,16.583794565676,9.9438474255496
392,9.939832232525369,16.593368398540598,9.95572585269653
393,9.941242874652081,16.6028885808176,9.96754554215809
394,9.94263855748984,16.6123559808163,9.97930625216683
395,9.944019440292259,16.621771507161903,9.99100770357904
396,9.94538568060454,16.6311361117817,10.0026495773481
397,9.94673743428204,16.6404507930448,10.0142315118728
398,9.94807485550869,16.6497165990566,10.025753100220099
399,9.94939809681517,16.6589346311119,10.037213887219599
400,9.95070730909689,16.668106047307,10.0486133664316
401,9.95200264163182,16.677232066313,10.0599509769864
402,9.953284242098,16.6863139713084,10.0712261002971
403,9.95455225659101,16.695353114073402,10.0824380566473
404,9.95580682964112,16.7043509192421,10.093586101655399
405,9.957048104230278,16.7133088887121,10.104669422618699
406,9.958276221808982,16.7222286062067,10.1156871347414
407,9.959491322312859,16.7311117419865,10.1266382772521
408,9.960693544179119,16.7399600577053,10.1375218094153
409,9.96188302436284,16.7487754114013,10.148336606445199
410,9.963059898352972,16.7575597626192,10.1590814553299
411,9.96422430018834,16.7663151776499,10.169755050574599
412,9.965376362473279,16.7750438348805,10.1803559898754
413,9.96651621639323,16.7837480302395,10.1908827697353
414,9.96764399173009,16.792430182725198,10.2013337810355
415,9.96875981687742,16.8010928400009,10.2117073045774
416,9.9698638188555,16.809738684038802,10.222001506611099
417,9.97095612332616,16.8183705367957,10.232214434367599
418,9.97203685460754,16.8269913658976,10.242344011615302
419,9.973106135688571,16.8356042903114,10.252388034259699
420,9.974164088243368,16.844212585979303,10.2623441660098
421,9.975210832645509,16.8528196913891,10.2722099341348
422,9.97624648798201,16.8614292130524,10.2819827253354
423,9.9772711720673,16.87004493086,10.291659781758199
424,9.97828500145695,16.8786708032833,10.3012381971789
425,9.97928809146126,16.887310972387,10.3107149133873
426,9.98028055615874,16.895969768618098,10.3200867168014
427,9.981262508409412,16.9046517153329,10.329350235345801
428,9.98223405986792,16.9133615330244,10.338501935626802
429,9.983195320996641,16.9221041432079,10.347538120438
430,9.98414640107842,16.9308846719243,10.356454926634301
431,9.98508740822942,16.9397084528164,10.3652483234076
432,9.986018449411631,16.9485810297347,10.3739141110053
433,9.986939630445349,16.9575081588273,10.3824479199254
434,9.98785105602149,16.966495810066398,10.3908452106297
435,9.98875282971373,16.9755501681663,10.3991012738124
436,9.989645053990609,16.9846776328442,10.4072112312617
437,9.99052783022738,16.993884818377303,10.4151700373546
438,9.991401258717831,17.0031785524086,10.4229724812213
439,9.9922654386859,17.0125658739544,10.4306131896181
440,9.99312046829722,17.0220540305686,10.4380866305436
441,9.9939664446705,17.031650474616498,10.445387117634699
442,9.99480346388882,17.0413628586169,10.4525088153769
443,9.99563162101075,17.0511990296086,10.459445745159401
444,9.996451010081381,17.061167022502,10.4661917922075
445,9.99726172414322,17.0712750523784,10.4727407134191
446,9.99806385524702,17.0815315057021,10.4790861461318
447,9.998857494462392,17.0919449304128,10.4852216178431
448,9.99964273188837,17.1025240248719,10.491140556903801
449,10.0004196566638,17.1132776256366,10.4968363042012
450,10.0011883569779,17.124214694042898,10.502302125844901
451,10.0019489200801,17.1353443015825,10.5075312268642
452,10.002701432290301,17.1466756140623,10.512516765922099
453,10.0034459790089,17.1582178745421,10.5172518710458
454,10.0041826447268,17.169980385051698,10.5217296563708
455,10.0049115130348,17.181972487093898,10.525943239888
456,10.0056326666337,17.1942035409457,10.5298857621802
457,10.0063461873434,17.206682903779498,10.5335504061293
458,10.0070521561126,17.2194199066285,10.5369304175679
459,10.0077506530285,17.2324238302321,10.540019126846198
460,10.0084417573252,17.2457038797999,10.542809971277
461,10.0091255473937,17.259269158745,10.545296518416901
462,10.009802100790301,17.2731286414402,10.5474724901369
463,10.010471494246,17.2872911450619,10.549331787427
464,10.0111338036752,17.3017653005905,10.550868515876
465,10.0117891041843,17.3165595230479,10.5520770117606
466,10.0124374700806,17.3316819810557,10.552951868672901
467,10.0130789748808,17.3471405658081,10.5534879646077
468,10.0137136913192,17.3629428595584,10.5536804894279
469,10.0143416913565,17.3790961037264,10.5535249726195
470,10.014963046188,17.3956071667402,10.553017311242
471,10.0155778262515,17.4124825117295,10.5521537979755
472,10.0161861012357,17.429728164198,10.550931149162
473,10.016787940088099,17.447349679803,10.5493465327316
474,10.017383411023001,17.465352112376802,10.5473975959021
475,10.0179725815293,17.4837399823301,10.5450824925367
476,10.0185555183784,17.5025172455776,10.5423999100385
477,10.0191322876316,17.5216872631319,10.5393490956626
478,10.019702954647899,17.541252771512,10.535929882118
479,10.0202675840915,17.5612158541152,10.5321427123349
480,10.020826239939302,17.5815779136991,10.5279886632683
481,10.021378985487901,17.6023396461245,10.523469468609001
482,10.0219258833615,17.623501015503603,10.5185875402733
483,10.0224669955185,17.6450612308999,10.513345988542401
484,10.0230023832587,17.667018724720897,10.507748640722301
485,10.023532107230901,17.6893711329418,10.501800058200601
486,10.024056227438999,17.7121152772929,10.495505551773599
487,10.024574803249699,17.735247149539102,10.4888711951245
488,10.025087893398801,17.7587618979706,10.4819038363343
489,10.025595555998,17.7826538162212,10.4746111073139
490,10.0260978485418,17.806916334516398,10.4670014310478
491,10.0265948279138,17.8315420134497,10.45908402655
492,10.0270865503936,17.8565225403733,10.450868911434801
493,10.0275730716628,17.8818487284784,10.442366902015301
494,10.028054446811801,17.907510518631497,10.433589610850401
495,10.0285307303457,17.9334969840187,10.4245494416675
496,10.0290019761911,17.9597963376397,10.415259581601
497,10.029468237701499,17.9863959426801,10.405733990692699
498,10.0299295676644,18.0132823257766,10.395987388615401
499,10.0303860183064,18.040441193177397,10.386035238586699
500,10.0308376412997,18.0678574497862,10.3758937284586
501,10.031284487768099,18.0955152210641,10.365579748973401
502,10.031726608292301,18.123397877749802,10.3551108691963
503,10.0321640529164,18.1514880633455,10.344505309142301
504,10.0325968711531,18.1797677243018,10.333781909632501
505,10.0330251119897,18.2082181428203,10.322960099427199
506,10.033448823893199,18.2368199721817,10.3120598596967
507,10.0338680548166,18.2655532744923,10.301101685906499
508,10.034282852203901,18.2943975607303,10.290106547206198
509,10.0346932629954,18.3233318329614,10.279095843425901
510,10.0350993336335,18.3523346285825,10.268091359799
511,10.0355011100676,18.381384066440198,10.2571152195426
512,10.035898637759699,18.410457894662603,10.246189834442001
513,10.0362919616894,18.439533540033697,10.2353378535958
514,10.036681126359,18.468588158730398,10.2245821104955
515,10.0370661757987,18.497598688236398,10.2139455686199
516,10.037447153571698,18.526541900239998,10.203451265740801
517,10.037824102778801,18.555394454318897,10.193122257143001
518,10.038197066064,18.584132952208602,10.1829815579739
519,10.0385660856185,18.6127339924513,10.1730520849453
520,10.038931203186399,18.6411742252163,10.163356597616
521,10.0392924600687,18.669430407085603,10.153917639494301
522,10.0396498971287,18.697479455596,10.144757479197901
523,10.0400035547959,18.7252985033314,10.1358980519193
524,10.0403534730714,18.752864951361,10.1273609014407
525,10.040699691532,18.780156521822697,10.1191671229485
526,10.0410422493349,18.8071513094554,10.111337306891699
527,10.0413811852218,18.833827831889,10.1038914841305
528,10.0417165375239,18.8601650785074,10.096849072614301
529,10.042048344165801,18.8861425577075,10.0902288258256
530,10.042376642670199,18.9117403423847,10.084048783216199
531,10.0427014701619,18.936939113485103,10.078326222856301
532,10.0430228633719,18.9617202014732,10.0730776165066
533,10.0433408586422,18.986065625576302,10.0683185873104
534,10.043655491929199,19.009958130675102,10.0640638702915
535,10.0439667988082,19.0333812217236,10.060327275830598
536,10.0442748144777,19.0563191955941,10.0571216562744
537,10.044579573762801,19.078757170252,10.0544588758185
538,10.044881111119599,19.1006811111825,10.0523497837868
539,10.0451794606389,19.122077855000697,10.050804191411
540,10.0454746560502,19.142935130192,10.049830852196902
541,10.0457667307258,19.1632415749418,10.0494374459435
542,10.046055717684,19.1829867520274,10.0496305664619
543,10.0463416495933,19.2021611607585,10.0504157130199
544,10.0466245587761,19.2207562459642,10.051797285520301
545,10.046904477212198,19.2387644040409,10.0537785833988
546,10.0471814365425,19.256178986083103,10.056361808208699
547,10.0474554680727,19.2729942981369,10.0595480698405
548,10.0477266027768,19.2892055986223,10.0633373963051
549,10.047994871300599,19.304809092988,10.0677287469918
550,10.0482603039653,19.3198019256673,10.0727200292938
551,10.0485229307706,19.334182169418398,10.0783081184804
552,10.048782781398598,19.347948812139897,10.0844888806761
553,10.049039885217,19.3611017412628,10.091257198795901
554,10.0492942712822,19.373641725827103,10.098607001270901
555,10.049545968342901,19.3855703963603,10.1065312933894
556,10.0497950048432,19.3968902226808,10.115022191065698
557,10.0500414089261,19.4076044897568,10.1240709568416
558,10.0502852084363,19.4177172717542,10.1336680379201
559,10.0505264309235,19.427233404414803,10.1438031060205
560,10.050765103645901,19.4361584559062,10.154465098845499
561,10.051001253572698,19.444498696291802,10.1656422629426
562,10.051234907387698,19.452261065766102,10.1773221977464
563,10.0514660914918,19.459453141808698,10.1894919005834
564,10.0516948320067,19.4660831054032,10.2021378124251
565,10.0519211547771,19.4721597064736,10.215245864178598
566,10.0521450853743,19.4776922286859,10.2288015233056
567,10.0523666490985,19.482690453762103,10.2427898405674
568,10.052585870982302,19.4871646254514,10.2571954967
569,10.0528027757929,19.4911254133002,10.272002848829
570,10.0530173880356,19.4945838763598,10.2871959764443
571,10.053229731956,19.4975514269632,10.3027587267616
572,10.0534398315431,19.5000397947036,10.3186747593085
573,10.0536477105316,19.502060990734503,10.3349275895829
574,10.0538533924054,19.5036272725126,10.3515006316408
575,10.054056900399301,19.5047511090937,10.368377239485
576,10.0542582575025,19.5054451470873,10.385540747133
577,10.0544574864605,19.505722177369197,10.402974507258302
578,10.0546546097781,19.5055951026434,10.420661928307
579,10.0548496497219,19.505076905938,10.4385865100078
580,10.0550426283228,19.5041806201123,10.4567318771999
581,10.0552335673784,19.502919298444603,10.4750818119192
582,10.055422488455699,19.501305986363302,10.493620283692401
583,10.0556094128931,19.4993536943761,10.512331477999
584,10.0557943618035,19.4970753722439,10.5311998228742
585,10.055977356076,19.4944838844393,10.5502100136331
586,10.056158416378802,19.4915919869233,10.569347035708699
587,10.0563375631613,19.4884123052638,10.5885961856042
588,10.0565148166565,19.4849573141156,10.607943089969801
589,10.056690196883,19.481239318073,10.627373722822
590,10.056863723647801,19.4772704338998,10.6468744209308
591,10.0570354165481,19.4730625741364,10.666431897409
592,10.057205294973901,19.468627432076,10.686033253541199
593,10.057373378109801,19.463976468098,10.7056659889013
594,10.057539684937401,19.459120897340103,10.725318009805699
595,10.0577042342375,19.4540716786867,10.744977636161199
596,10.057867044592001,19.4488395050452,10.7646336067665
597,10.0580281343864,19.443434794879998,10.7842750831299
598,10.058187521811401,19.4378676849677,10.803891651872402
599,10.0583452248653,19.432148024334396,10.8234733257833
600,10.058501261356,19.426285369334398,10.843010543601
601,10.058655648902901,19.420288979823802,10.862494168591402
602,10.058808404938999,19.4141678163837,10.881915485998098
603,10.0589595467127,19.4079305385435,10.9012661994386
604,10.0591090912902,19.4015855039534,10.9205384263214
605,10.0592570555567,19.3951407684547,10.9397246923584
606,10.059403456219199,19.3886040869957,10.958817925246699
607,10.0595483098075,19.3819829153391,10.9778114475921
608,10.0596916326769,19.3752844125083,10.996698969146301
609,10.0598334410095,19.368515443918398,11.0154745784284
610,10.059973750815901,19.361682585139302,11.0341327337971
611,10.0601125779379,19.3547921262376,11.052668254042802
612,10.0602499380492,19.3478500766465,11.0710763085604
613,10.060385846657999,19.3408621705115,11.0893524071663
614,10.0605203191081,19.333833872463,11.107492389619
615,10.0606533705814,19.3267703837675,11.1254924148969
616,10.0607850160989,19.3196766488105,11.1433489502906
617,10.060915270522699,19.3125573618652,11.1610587603574
618,10.061044148557801,19.3054169741055,11.1786188957869
619,10.0611716647536,19.2982597008194,11.1960266822229
620,10.0612978335056,19.2910895287853,11.213279709082698
621,10.061422669057,19.2839102237726,11.2303758184133
622,10.0615461855004,19.2767253381316,11.247313093819999
623,10.0616683967791,19.2695382184395,11.264089849501
624,10.061789316689401,19.262352013171302,11.280704619418001
625,10.0619089588811,19.255169680365398,11.2971561466301
626,10.062027336860002,19.24799399526,11.3134433728161
627,10.0621444639889,19.2408275578717,11.3295654280073
628,10.062260353489302,19.233672800497104,11.3455216205495
629,10.062375018443001,19.2265319951141,11.361311427313302
630,10.062488471793,19.219407260665697,11.376934484165199
631,10.062600726346,19.212300570209898,11.3923905767137
632,10.0627117947727,19.205213757918802,11.407679631340198
633,10.0628216896103,19.198148525916604,11.4228017065234
634,10.0629304232629,19.191106450943,11.437756984463599
635,10.0630380080038,19.184088990833303,11.452545763012
636,10.063144455976401,19.177097490807398,11.4671684479075
637,10.0632497791955,19.170133189559802,11.481625545323801
638,10.063353989549,19.1631972251469,11.4959176547259
639,10.0634570987992,19.156290640666498,11.510045462035698
640,10.063559118583699,19.1494143897273,11.5240097331042
641,10.0636600604173,19.1425693417069,11.5378113074865
642,10.0637599356929,19.1357562867975,11.551451092516901
643,10.063858755682801,19.1289759408393,11.564930057676802
644,10.0639565315405,19.1222289499443,11.578249229251302
645,10.0640532743011,19.1155158949108,11.5914096852668
646,10.0641489948833,19.1088372954322,11.6044125507036
647,10.0642437040901,19.102193614104603,11.6172589929741
648,10.0643374126106,19.0955852602342,11.629950217660902
649,10.0644301310206,19.0890125934527,11.642487464503901
650,10.0645218697842,19.0824759271425,11.654872003629801
651,10.0646126392547,19.075975531678697,11.6671051320141
652,10.064702449676199,19.0695116374925,11.6791881701665
653,10.0647913111841,19.0630844379627,11.6911224590315
654,10.064879233807,19.0566940921407,11.7029093570936
655,10.0649662274673,19.0503407273144,11.7145502376802
656,10.0650523019824,19.0440244414194,11.7260464864503
657,10.0651374670661,19.0377453053012,11.737399499063
658,10.0652217323293,19.0315033648368,11.748610679014002
659,10.0653051072814,19.025298642920802,11.759681435634699
660,10.0653876013312,19.0191311413223,11.7706131822422
661,10.0654692237881,19.013000842420198,11.781407334433801
662,10.065549983862999,19.0069077108204,11.7920653085179
663,10.0656298906694,19.000851694863698,11.8025885200725
664,10.065708953224599,18.9948327280283,11.8129783826247
665,10.0657871804503,18.9888507302337,11.823236306443
666,10.0658645811741,18.9829056090506,11.8333636974366
667,10.0659411641302,18.976997260822802,11.8433619561531
668,10.0660169379605,18.971125571707002,11.8532324768708
669,10.0660919112154,18.965290418633398,11.862976646775902
670,10.0661660923551,18.9594916701943,11.8725958452227
671,10.0662394897501,18.9537291874636,11.8820914430672
672,10.066312111682802,18.9480028247523,11.891464802072
673,10.0663839663476,18.942312430304398,11.9007172743758
674,10.066455061852599,18.9366578469368,11.9098502020228
675,10.06652540622,18.9310389126269,11.9188649165477
676,10.066595007387301,18.9254554610525,11.927762738612401
677,10.0666638732081,18.919907322085802,11.9365449776898
678,10.066732011452801,18.914394322246302,11.9452129317909
679,10.066799429809901,18.9089162851151,11.953767887232301
680,10.0668661358865,18.9034730317125,11.962211118440402
681,10.0669321372092,18.8980643808436,11.9705438877886
682,10.0669974412252,18.892690149412502,11.9787674454659
683,10.067062055303,18.887350152708898,11.9868830293731
684,10.0671259867329,18.882044204668397,11.9948918650443
685,10.067189242728599,18.8767721181087,12.0027951655921
686,10.0672518304271,18.8715337049446,12.010594131673301
687,10.067313756890199,18.8663287763821,12.0182899514735
688,10.067375029105099,18.8611571430941,12.0258838007094
689,10.067435653985,18.85601861538,12.0333768426457
690,10.067495638370099,18.8509130033089,12.0407702281268
691,10.0675549890282,18.845840116848898,12.0480650956196
692,10.0676137126558,18.8407997659841,12.0552625712684
693,10.0676718158783,18.8357917608189,12.062363768959598
694,10.067729305251401,18.8308159116723,12.069369790393901
695,10.067786187261099,18.8258720291625,12.076281725167801
696,10.067842468325301,18.820959924282,12.0831006508605
697,10.0678981547938,18.8160794084654,12.0898276331275
698,10.0679532529492,18.8112302936497,12.0964637257987
699,10.068007769008,18.8064123923278,12.1030099709814
700,10.068061709120698,18.8016255175961,12.1094673991666
701,10.0681150793729,18.7968694831972,12.1158370293388
702,10.068167885786,18.792144103557,12.122119869088301
703,10.068220134317501,18.7874491938181,12.128316914725499
704,10.0682718308622,18.782784569868802,12.134429151397299
705,10.0683229812524,18.7781500483687,12.140457553204401
706,10.068373591259,18.773545446771,12.146403083320001
707,10.0684236665915,18.768970583342302,12.1522666941093
708,10.0684732128994,18.7644252771796,12.1580493272486
709,10.0685222357725,18.7599093482245,12.163751913845802
710,10.0685707407412,18.7554226172764,12.1693753745596
711,10.068618733277802,18.7509649060029,12.174920619719801
712,10.068666218796698,18.746536036949,12.180388549446
713,10.0687132026548,18.742135833544896,12.1857800537664
714,10.0687596901527,18.7377641201122,12.191096012736
715,10.0688056865348,18.733420721869,12.1963372965535
716,10.068851196990199,18.729105464934,12.201504765678001
717,10.068896226653099,18.7248181763301,12.2065992709441
718,10.0689407806035,18.720558683986198,12.2116216536762
719,10.0689848638675,18.7163268167394,12.216572745801999
720,10.0690284814183,18.712122404335602,12.221453369964301
721,10.0690716381765,18.70794527743,12.226264339632001
722,10.0691143390106,18.703795267587303,12.23100645921
723,10.069156588737801,18.699672207280898,12.2356805241468
724,10.0691983921244,18.695575929892,12.2402873210427
725,10.069239753886,18.6915062697084,12.2448276277546
726,10.0692806786888,18.687463061923,12.249302213501199
727,10.069321171149499,18.6834461426317,12.253711838965799
728,10.069361235835801,18.6794553488317,12.258057256398402
729,10.069400877267599,18.675490518418897,12.262339209716
730,10.0694400999166,18.6715514901853,12.266558434602
731,10.0694789082075,18.6676381038168,12.270715658603999
732,10.0695173065181,18.6637501998901,12.2748116012307
733,10.0695552991801,18.6598876198699,12.2788469740466
734,10.069592890479198,18.6560502061058,12.2828224807666
735,10.0696300846559,18.652237801829198,12.2867388173485
736,10.069666885906,18.648450251150102,12.2905966720843
737,10.069703298380901,18.6446873990541,12.294396725690902
738,10.069739326188099,18.6409490913986,12.2981396513986
739,10.069774973391599,18.6372351749099,12.3018261150391
740,10.069810244012698,18.633545497179302,12.305456775132198
741,10.0698451420299,18.62987990666,12.3090322829709
742,10.06987967138,18.6262382526633,12.312553282705801
743,10.0699138359579,18.622620385355603,12.316020411428099
744,10.069947639617501,18.6190261557542,12.3194342992517
745,10.0699810861719,18.6154554157238,12.322795569393598
746,10.070014179393999,18.611908017973498,12.326104838254
747,10.0700469230168,18.6083838160525,12.3293627154947
748,10.070079320733699,18.6048826643468,12.332569804117
749,10.0701113761993,18.601404418075603,12.335726700537501
750,10.0701430930295,18.597948933287302,12.338833994664302
751,10.0701744748019,18.5945160668564,12.341892269971199
752,10.070205525056501,18.5911056764793,12.3449021035708
753,10.0702362472956,18.587717620671,12.347864066287501
754,10.0702666449848,18.5843517587613,12.350778722728801
755,10.0702967215528,18.581007950891,12.3536466313556
756,10.070326480392302,18.577686058008602,12.3564683445522
757,10.070355924860001,18.5743859418661,12.359244408694599
758,10.070385058277301,18.5711074650159,12.3619753642186
759,10.0704138839303,18.567850490806602,12.364661745686501
760,10.0704424050704,18.5646148833798,12.3673040818531
761,10.0704706249149,18.561400507666,12.369902895731
762,10.070498546646801,18.558207229381498,12.3724587046548
763,10.0705261734156,18.555034915024,12.3749720203444
764,10.0705535083375,18.5518834318696,12.3774433489677
765,10.0705805544958,18.5487526479688,12.3798731912029
766,10.0706073149411,18.5456424321429,12.382262042298802
767,10.0706337926921,18.5425526539807,12.3846103921354
768,10.0706599907352,18.5394831838342,12.386918725283401
769,10.0706859120254,18.5364338928156,12.389187521063
770,10.0707115594866,18.5334046527932,12.391417253601599
771,10.070736936011599,18.5303953363882,12.3936083918913
772,10.070762044462699,18.527405816970802,12.395761399845199
773,10.070786887672199,18.5244359686567,12.3978767363534
774,10.070811468442,18.5214856663034,12.399954855337999
775,10.070835789544901,18.5185547855068,12.4019962058076
776,10.070859853724,18.5156432025976,12.4040012319108
777,10.0708836636936,18.5127507946372,12.4059703729898
778,10.0709072221394,18.509877439415,12.4079040636322
779,10.0709305317185,18.5070230154442,12.409802733723
780,10.0709535950601,18.5041874019583,12.411666808496099
781,10.0709764147655,18.501370478907898,12.4134967085842
782,10.070998993408699,18.4985721269568,12.415292850069001
783,10.0710213335363,18.4957922274787,12.417055644530599
784,10.0710434376682,18.493030662553302,12.4187854990959
785,10.0710653082974,18.4902873149634,12.4204828164869
786,10.071086947890699,18.4875620681909,12.4221479950681
787,10.071108358889001,18.4848548064133,12.4237814288935
788,10.0711295437072,18.4821654145005,12.4253835077529
789,10.071150504734801,18.479493778011104,12.4269546172178
790,10.0711712443359,18.476839783189103,12.4284951386865
791,10.071191764849699,18.4742033169601,12.4300054494293
792,10.071212068590802,18.471584266928197,12.4314859226319
793,10.071232157849302,18.4689825213725,12.43293692744
794,10.0712520348909,18.4663979692433,12.434358829001699
795,10.0712717019576,18.4638305001592,12.435751988510498
796,10.071291161267698,18.4612800044033,12.437116763247499
797,10.0713104150159,18.4587463729198,12.438453506622901
798,10.0713294653738,18.456229497311,12.4397625682173
799,10.0713483144901,18.4537292698333,12.4410442938222
800,10.0713669644907,18.451245583394197,12.4422990254805
801,10.071385417479199,18.4487783315491,12.4435271015259
802,10.0714036755368,18.4463274084973,12.4447288566225
803,10.0714217407229,18.4438927090793,12.445904621803601
804,10.0714396150748,18.441474128773102,12.447054724509899
805,10.0714573006087,18.439071563691,12.4481794886276
806,10.0714747993193,18.4366849105763,12.4492792345259
807,10.0714921131801,18.4343140667997,12.4503542790941
808,10.071509244144,18.4319589303565,12.4514049357781
809,10.071526194142999,18.4296193998628,12.452431514617
810,10.071542965089,18.4272953745526,12.4534343222785
811,10.071559558873401,18.4249867542743,12.4544136620947
812,10.071575977367901,18.422693439487603,12.455369834096999
813,10.0715922224241,18.420415331260003,12.4563031350506
814,10.0716082958743,18.418152331263897,12.457213858489098
815,10.071624199531302,18.4159043417732,12.458102294747901
816,10.071639935189001,18.413671265660103,12.458968730998098
817,10.0716555046219,18.4114530063916,12.459813451279302
818,10.0716709095861,18.409249468026896,12.4606367365326
819,10.0716861518191,18.4070605552139,12.4614388646328
820,10.0717012330399,18.4048861731858,12.4622201104205
821,10.0717161549495,18.402726227758397,12.4629807457338
822,10.0717309192309,18.4005806253265,12.463721039439399
823,10.0717455275491,18.3984492728612,12.464441257464001
824,10.0717599815519,18.396332077906397,12.465141662824399
825,10.0717742828694,18.3942289485758,12.4658225156583
826,10.0717884331146,18.39213979355,12.4664840732539
827,10.0718024338833,18.390064522073104,12.467126590079598
828,10.0718162867546,18.3880030439498,12.467750317813499
829,10.071829993291,18.385955269542197,12.4683555053723
830,10.0718435550382,18.3839211097669,12.4689423989398
831,10.0718569735258,18.381900476091896,12.469511241995402
832,10.0718702502673,18.3798932805335,12.4700622753424
833,10.0718833867599,18.3778994356533,12.470595737135199
834,10.071896384485301,18.3759188545552,12.4711118629075
835,10.071909244909401,18.373951450882398,12.4716108855986
836,10.071921969482599,18.3719971388143,12.4720930355811
837,10.07193455964,18.3700558330638,12.472558540686801
838,10.0719470168016,18.368127448874198,12.473007626233402
839,10.0719593423723,18.366211902016,12.4734405150505
840,10.071971537742302,18.364309108784198,12.4738574275051
841,10.071983604286801,18.362418985995603,12.4742585815272
842,10.071995543366901,18.3605414509852,12.4746441926353
843,10.0720073563291,18.358676421604102,12.4750144739605
844,10.072019044505499,18.3568238162159,12.475369636272099
845,10.0720306092145,18.3549835536944,12.4757098880015
846,10.0720420517603,18.3531555534202,12.4760354352662
847,10.0720533734334,18.3513397352783,12.4763464818942
848,10.072064575510801,18.3495360196549,12.4766432294471
849,10.072075659255699,18.347744327434896,12.4769258772438
850,10.0720866259182,18.3459645799986,12.4771946223837
851,10.0720974767352,18.344196699219502,12.4774496597692
852,10.072108212930301,18.3424406074609,12.477691182128902
853,10.0721188357145,18.340696227573602,12.4779193800394
854,10.0721293462858,18.3389634828928,12.4781344419482
855,10.0721397458296,18.337242297235502,12.4783365541949
856,10.072150035518698,18.3355325948975,12.4785259010335
857,10.072160216513598,18.3338343006513,12.4787026646536
858,10.0721702899625,18.3321473397424,12.4788670252019
859,10.0721802570015,18.3304716378875,12.479019160803
860,10.0721901187548,18.3288071212711,12.4791592475804
861,10.0721998763344,18.3271537165435,12.479287459677
862,10.072209530840802,18.3255113508174,12.479403969275598
863,10.0722190833629,18.3238799516657,12.479508946619198
864,10.0722285349781,18.3222594471186,12.479602560030699
865,10.072237886752198,18.3206497656613,12.479684975933
866,10.0722471397399,18.3190508362308,12.479756358868102
867,10.072256294984902,18.3174625882139,12.4798168715173
868,10.0722653535195,18.3158849514441,12.4798666747193
869,10.0722743163655,18.3143178561994,12.479905927490199
870,10.0722831845336,18.3127612331993,12.4799347870417
871,10.0722919590239,18.311215013602702,12.4799534087996
872,10.0723006408262,18.3096791290047,12.4799619464228
873,10.0723092309194,18.3081535114349,12.4799605518209
874,10.0723177302724,18.306638093354,12.4799493751725
875,10.0723261398437,18.305132807651997,12.4799285649431
876,10.0723344605817,18.303637587645,12.4798982679026
877,10.0723426934249,18.3021523670735,12.4798586291429
878,10.072350839301599,18.300677080099,12.479809792095098
879,10.072358899130599,18.299211661302397,12.4797518985468
880,10.0723668738209,18.297756045680803,12.479685088659
881,10.072374764271801,18.2963101686456,12.4796095009826
882,10.072382571373199,18.2948739660196,12.4795252724754
883,10.072390296005599,18.2934473740351,12.4794325385185
884,10.0723979390401,18.292030329330803,12.479331432932199
885,10.072405501338698,18.2906227689501,12.479222087992598
886,10.072412983754301,18.2892246303382,12.4791046344473
887,10.072420387130599,18.2878358513398,12.4789792015312
888,10.0724277123027,18.2864563701971,12.4788459169821
889,10.0724349600966,18.2850861255468,12.4787049070564
890,10.072442131329801,18.2837250564185,12.478556296544001
891,10.072449226811,18.282373102231603,12.478400208784
892,10.072456247340302,18.2810302027935,12.478236765679199
893,10.0724631937096,18.279696298297,12.478066087711301
894,10.072470066702198,18.2783713293185,12.4778882939553
895,10.0724768670933,18.277055236814803,12.4777035020947
896,10.0724835956498,18.275747962121603,12.477511828434901
897,10.0724902531305,18.2744494469512,12.4773133879186
898,10.072496840286199,18.2731596333896,12.477108294138901
899,10.072503357859802,18.2718784638949,12.4768966593541
900,10.0725098065864,18.270605881294898,12.476678594501099
901,10.072516187193099,18.2693418287846,12.476454209209098
902,10.072522500399598,18.2680862499243,12.4762236118135
903,10.0725287469178,18.2668390886375,12.475986909368999
904,10.0725349274523,18.2656002892083,12.4757442076632
905,10.0725410427,18.2643697962793,12.4754956112293
906,10.072547093350499,18.263147554849898,12.475241223359802
907,10.0725530800864,18.2619335102737,12.4749811461188
908,10.0725590035826,18.2607276082562,12.474715480355101
909,10.072564864507301,18.2595297948533,12.474444325714801
910,10.0725706635214,18.2583400164687,12.4741677806538
911,10.072576401279001,18.2571582198517,12.473885942450302
912,10.072582078427,18.2559843520955,12.473598907216802
913,10.0725876956057,18.2548183606349,12.473306769912698
914,10.0725932534486,18.2536601932441,12.4730096243559
915,10.0725987525826,18.2525097980349,12.472707563234902
916,10.072604193627699,18.2513671234544,12.4724006781207
917,10.0726095771976,18.2502321182831,12.4720890594783
918,10.0726149038995,18.2491047316327,12.4717727966784
919,10.0726201743339,18.2479849129445,12.4714519780087
920,10.0726253890954,18.2468726119867,12.471126690685502
921,10.072630548772,18.245767778853,12.470797020864598
922,10.0726356539457,18.244670363960303,12.4704630536526
923,10.072640705191999,18.2435803180469,12.4701248731178
924,10.0726457030808,18.2424975921703,12.469782562301303
925,10.0726506481756,18.2414221377056,12.469436203227598
926,10.0726555410341,18.240353906342897,12.4690858769153
927,10.072660382208099,18.2392928500862,12.468731663387599
928,10.0726651722436,18.2382389212508,12.4683736416831
929,10.0726699116807,18.2371920724617,12.468011889865801
930,10.072674601054,18.2361522566517,12.467646485035301
931,10.0726792408923,18.2351194270593,12.4672775033375
932,10.0726838317189,18.234093537227,12.466905019974
933,10.0726883740514,18.2330745409993,12.4665291092126
934,10.072692868402301,18.232062392521,12.466149844396801
935,10.072697315278198,18.2310570462351,12.465767297955699
936,10.072701715180699,18.2300584568812,12.465381541413699
937,10.0727060686059,18.2290665794934,12.464992645399999
938,10.072710376045,18.2280813693988,12.464600679658199
939,10.0727146379835,18.227102782215397,12.4642057130555
940,10.072718854902199,18.226130773850397,12.463807813592
941,10.072723027276599,18.225165300498396,12.4634070484101
942,10.0727271555773,18.224206318639602,12.4630034838035
943,10.0727312402698,18.2232537850382,12.4625971852262
944,10.0727352818147,18.222307656740302,12.4621882173014
945,10.0727392806679,18.221367891072198,12.461776643830301
946,10.072743237280301,18.220434445639103,12.461362527801098
947,10.072747152098199,18.2195072783227,12.4609459313973
948,10.0727510255629,18.2185863472801,12.460526916006698
949,10.0727548581114,18.2176716109415,12.460105542229302
950,10.0727586501758,18.2167630280089,12.459681869886598
951,10.072762402183802,18.2158605574542,12.459255958028901
952,10.0727661145586,18.2149641585179,12.4588278649444
953,10.072769787718698,18.2140737907066,12.458397648166802
954,10.0727734220785,18.2131894137921,12.4579653644838
955,10.072777018047699,18.212310987809698,12.457531069944698
956,10.072780576031901,18.2114384730558,12.457094819868699
957,10.0727840964324,18.2105718300872,12.456656668852402
958,10.0727875796462,18.2097110197189,12.456216670778
959,10.072791026066,18.2088560030226,12.4557748788204
960,10.0727944360806,18.2080067413251,12.455331345455502
961,10.0727978100746,18.2071631962068,12.454886122467101
962,10.0728011484283,18.206325329499897,12.4544392609549
963,10.072804451518302,18.205493103287,12.4539908113414
964,10.0728077197171,18.204666479899302,12.4535408233796
965,10.0728109533932,18.203845421915396,12.4530893461602
966,10.0728141529114,18.2030298921593,12.4526364281185
967,10.0728173186324,18.202219853699102,12.4521821170417
968,10.072820450913198,18.2014152698456,12.451726460076198
969,10.072823550107199,18.2006161041503,12.451269503733899
970,10.072826616563699,18.1998223204045,12.450811293899699
971,10.0728296506287,18.199033882637103,12.450351875838
972,10.072832652644301,18.1982507551136,12.4498912941997
973,10.072835622948901,18.197472902334603,12.4494295930286
974,10.072838561877699,18.196700289033803,12.448966815768099
975,10.072841469762,18.1959328801772,12.448503005268199
976,10.072844346929699,18.195170640961198,12.4480382037912
977,10.0728471937054,18.1944135368112,12.4475724530188
978,10.072850010410098,18.1936615333801,12.4471057940582
979,10.072852797361302,18.192914596547197,12.446638267448199
980,10.0728555548735,18.1921726924161,12.446169913165901
981,10.0728582832575,18.1914357873142,12.4457007706326
982,10.0728609828211,18.1907038477902,12.445230878719801
983,10.0728636538687,18.1899768406136,12.444760275755598
984,10.0728662967016,18.1892547327729,12.444288999530402
985,10.072868911617698,18.1885374914741,12.443817087302802
986,10.072871498911999,18.1878250841395,12.4433445758059
987,10.0728740588762,18.1871174784062,12.442871501252501
988,10.072876591799,18.1864146421251,12.442397899341302
989,10.0728790979661,18.1857165433588,12.441923805262698
990,10.0728815776602,18.185023150381102,12.441449253703999
991,10.072884031160699,18.1843344316749,12.4409742788551
992,10.072886458744499,18.183650355931302,12.440498914414402
993,10.072888860685302,18.182970892048303,12.4400231935939
994,10.072891237254,18.182296009129104,12.4395471491248
995,10.0728935887186,18.181625676481303,12.439070813262699
996,10.0728959153442,18.180959863615,12.4385942177932
997,10.072898217393199,18.180298540242102,12.438117394036698
998,10.072900495125399,18.179641676274603,12.437640372854199
999,10.0729027487974,18.178989241823302,12.4371631846521
